[
    {
        "display_name": "Dashboard",
        "route": "/",
        "icon":"fa-solid fa-house"
        
        
    },
    {
        "display_name": "CRM",
        "route": "/customers"
        
    },
    {
        "display_name": "Estimating",
        "route": "/estimates"
        
    },
    {
        "display_name": "Job Organization",
        "route": "/job"                        
        
    },
    {
        "display_name": "Time Tracking",
        "route": "/time"
        
    },
    {
        "display_name": "Job Costing",
        "route": "/costs"
    },
    {
        "display_name": "End of job process",
        "route": "/end"
    },
    {
        "display_name": "Invoicing",
        "route": "/Invoice"
        
    },
    {
        "display_name": "Budgeting & settings",
        "route": "/Settings"                     
        
    }
    
]